,Task 1,Task 2,Task 3,Task 4
After Task 1,0.0,0.0,0.0,0.0
After Task 2,0.0482456140350877,0.0,0.0,0.0
After Task 3,0.03508771929824561,0.0,0.0,0.0
After Task 4,0.004385964912280715,0.01115241635687736,0.00917431192660556,0.0
