,Task 1,Task 2,Task 3,Task 4
After Task 1,0.0,0.0,0.0,0.0
After Task 2,0.04385964912280699,0.0,0.0,0.0
After Task 3,0.02631578947368418,0.0,0.0,0.0
After Task 4,0.0,0.0,0.00917431192660545,0.0
