Task,Phase1_Forgetting,Phase2_Forgetting,Improvement,Improvement_Pct
2,0.0482456140350877,0.03508771929824561,0.01315789473684209,27.272727272727256
3,0.03508771929824561,0.020258592578099532,0.01482912672014608,42.26301115241633
4,0.008237564398587879,0.01115241635687736,-0.0029148519582894803,-35.38487612660312
