,Task 1,Task 2,Task 3,Task 4
After Task 1,0.0,0.0,0.0,0.0
After Task 2,0.03508771929824561,0.0,0.0,0.0
After Task 3,0.021929824561403466,0.0185873605947956,0.0,0.0
After Task 4,0.0,0.01115241635687736,0.0,0.0
