Task,Avg_Accuracy_Improvement,Num_Eval_Tasks,Best_Improvement,Worst_Improvement
Task 1,-0.02080168033118941,5,0.0074349442379182396,-0.06422018348623848
Task 2,0.0040242856580414155,5,0.052044609665427566,-0.03125
Task 3,-0.003233111531600774,5,0.02752293577981646,-0.02777777777777768
Task 4,0.01474426151596826,5,0.050458715596330306,-0.04180064308681675
