Task,Num_Replay_Tasks,Avg_Replay_Improvement,Max_Replay_Improvement,Min_Replay_Improvement,Current_Task_Change,Replay_Success_Rate
2,1,0.00438596491228066,0.00438596491228066,0.00438596491228066,0.052044609665427566,1.0
3,2,-0.001524489662818762,0.004385964912280715,-0.0074349442379182396,0.02752293577981646,0.5
4,3,0.0234610205925897,0.050458715596330306,0.00877192982456143,-0.04180064308681675,1.0
