,Task 1,Task 2,Task 3,Task 4
After Task 1,0.5263157894736842,0.7955390334572491,0.7201834862385321,0.7009646302250804
After Task 2,0.49122807017543857,0.8438661710037175,0.8486238532110092,0.7138263665594855
After Task 3,0.5043859649122807,0.8252788104089219,0.8165137614678899,0.7620578778135049
After Task 4,0.5394736842105263,0.8327137546468402,0.8302752293577982,0.6913183279742765
