,Task 1,Task 2,Task 3,Task 4
After Task 1,0.5350877192982456,0.7881040892193308,0.7844036697247706,0.6977491961414791
After Task 2,0.4868421052631579,0.79182156133829,0.8440366972477065,0.7234726688102894
After Task 3,0.5,0.8327137546468402,0.7889908256880734,0.77491961414791
After Task 4,0.5307017543859649,0.8215613382899628,0.7798165137614679,0.7331189710610932
