Task,Phase1_Forgetting,Phase2_Forgetting,Improvement,Improvement_Pct
2,0.0,0.07017543859649122,-0.07017543859649122,0.0
3,0.1228070175438597,0.0964912280701754,0.026315789473684292,21.428571428571487
4,0.07057782069853535,0.06619185578625464,0.004385964912280715,6.214367160775388
5,0.05832383313514408,0.04555118490709434,0.012772648228049743,21.899534961040402
