,Task 1,Task 2,Task 3,Task 4,Task 5
After Task 1,0.0,0.0,0.0,0.0,0.0
After Task 2,0.07017543859649122,0.0,0.0,0.0,0.0
After Task 3,0.0964912280701754,0.0,0.0,0.0,0.0
After Task 4,0.11403508771929827,0.0,0.01834862385321101,0.0,0.0
After Task 5,0.04385964912280704,0.052044609665427566,0.041284403669724745,0.045016077170418,0.0
