,Task 1,Task 2,Task 3,Task 4,Task 5
After Task 1,0.0,0.0,0.0,0.0,0.0
After Task 2,0.0,0.0,0.0,0.0,0.0
After Task 3,0.1228070175438597,0.0,0.0,0.0,0.0
After Task 4,0.1228070175438597,0.0,0.01834862385321101,0.0,0.0
After Task 5,0.07894736842105265,0.048327137546468335,0.06422018348623859,0.04180064308681675,0.0
