Task,Avg_Accuracy_Improvement,Num_Eval_Tasks,Best_Improvement,Worst_Improvement
Task 1,-0.029202001357545516,5,0.04824561403508765,-0.11926605504587151
Task 2,-0.006852851075540655,5,0.022508038585209,-0.05701754385964919
Task 3,0.00046219186701166313,5,0.03947368421052633,-0.014869888475836479
Task 4,0.005424672615055304,5,0.021929824561403466,-0.00917431192660556
Task 5,0.021527294121471717,5,0.04824561403508765,0.0
