Task,Num_Replay_Tasks,Avg_Replay_Improvement,Max_Replay_Improvement,Min_Replay_Improvement,Current_Task_Change,Replay_Success_Rate
2,1,-0.05701754385964919,-0.05701754385964919,-0.05701754385964919,0.0037174721189591198,0.0
3,2,0.012301897867344924,0.03947368421052633,-0.014869888475836479,-0.00917431192660556,0.5
4,3,0.007969309663891755,0.021929824561403466,-0.00917431192660556,0.003215434083601254,0.6666666666666666
