,Task 1,Task 2,Task 3,Task 4,Task 5
After Task 1,0.5877192982456141,0.6505576208178439,0.5229357798165137,0.6270096463022508,0.6493055555555556
After Task 2,0.6228070175438597,0.7955390334572491,0.7247706422018348,0.6881028938906752,0.71875
After Task 3,0.5,0.8364312267657993,0.8119266055045872,0.7491961414790996,0.6840277777777778
After Task 4,0.5,0.8513011152416357,0.7935779816513762,0.7845659163987139,0.6944444444444444
After Task 5,0.543859649122807,0.8029739776951673,0.7477064220183486,0.7427652733118971,0.7916666666666666
