,Task 1,Task 2,Task 3,Task 4,Task 5
After Task 1,0.6359649122807017,0.6133828996282528,0.4036697247706422,0.5787781350482315,0.6597222222222222
After Task 2,0.5657894736842105,0.7992565055762082,0.7247706422018348,0.7106109324758842,0.7152777777777778
After Task 3,0.5394736842105263,0.8215613382899628,0.8027522935779816,0.7395498392282959,0.6805555555555556
After Task 4,0.5219298245614035,0.862453531598513,0.7844036697247706,0.7877813504823151,0.6944444444444444
After Task 5,0.5921052631578947,0.8104089219330854,0.7614678899082569,0.7427652733118971,0.8298611111111112
