Task,Avg_Previous_Task_Performance,Num_Previous_Tasks
2,0.4780701754385965,1
3,0.6660226309267593,2
4,0.7422576597696281,3
