,Task 1,Task 2,Task 3,Task 4
After Task 1,0.5219298245614035,0.7806691449814126,0.6238532110091743,0.6720257234726688
After Task 2,0.4780701754385965,0.8327137546468402,0.8394495412844036,0.752411575562701
After Task 3,0.4956140350877193,0.8364312267657993,0.8394495412844036,0.7652733118971061
After Task 4,0.5526315789473685,0.8438661710037175,0.8302752293577982,0.7009646302250804
