{
  "total_checkpoints": 4,
  "evaluation_date": "2025-12-18 15:35:46",
  "tasks_evaluated": 5,
  "metrics_used": [
    "accuracy",
    "precision",
    "recall",
    "f1_score",
    "mcc"
  ],
  "mean_accuracy": 0.701441155998532,
  "std_accuracy": 0.12139102670184293,
  "min_accuracy": 0.4780701754385965,
  "max_accuracy": 0.8438661710037175
}